name,material,family,seed_stacking,m,n,N_cells_per_layer,n_atoms,theta_deg,a_layer_A,dMX_A,gap_A,a_moire_A,phonopy_k_recommended,phonopy_supercell_atoms,min_pair_distance_A
MoS2_WS2_twist_m1_near0,MoS2_WS2,near0,3R,1,2,7,42,21.78678929826181,3.1574074999999997,1.566323/1.576129,2.903772879931749,8.35371503269017,3,378,2.403422930048115
MoS2_WS2_twist_m2_near0,MoS2_WS2,near0,3R,2,3,19,114,13.173551107258918,3.1574074999999997,1.566323/1.576129,2.903772879931749,13.7628202160774,2,456,2.403422930048113
MoS2_WS2_twist_m3_near0,MoS2_WS2,near0,3R,3,4,37,222,9.430007907896421,3.1574074999999997,1.566323/1.576129,2.903772879931749,19.205760033882573,2,888,2.403422930048113
MoS2_twist_m1_near0,MoS2,near0,3R,1,2,7,42,21.78678929826181,3.155057,1.566323,2.898668530333209,8.347496194233514,3,378,2.4023937988484154
MoS2_twist_m1_near60,MoS2,near60,2H,1,2,7,42,21.78678929826181,3.155057,1.566323,2.934872527647183,8.347496194233514,3,378,2.4023937988484154
MoS2_twist_m2_near0,MoS2,near0,3R,2,3,19,114,13.173551107258918,3.155057,1.566323,2.898668530333209,13.752574624110606,2,456,2.402393798848414
MoS2_twist_m2_near60,MoS2,near60,2H,2,3,19,114,13.173551107258918,3.155057,1.566323,2.934872527647183,13.752574624110606,2,456,2.402393798848414
MoS2_twist_m3_near0,MoS2,near0,3R,3,4,37,222,9.430007907896421,3.155057,1.566323,2.898668530333209,19.191462500555108,2,888,2.402393798848411
MoS2_twist_m3_near60,MoS2,near60,2H,3,4,37,222,9.430007907896421,3.155057,1.566323,2.934872527647183,19.191462500555108,2,888,2.402393798848413
MoS2_twist_m4_near0,MoS2,near0,3R,4,5,61,366,7.340993016630217,3.155057,1.566323,2.898668530333209,24.64178291171702,1,366,2.4023937988484065
MoS2_twist_m4_near60,MoS2,near60,2H,4,5,61,366,7.340993016630217,3.155057,1.566323,2.934872527647183,24.64178291171702,1,366,2.4023937988484088
MoS2_twist_m5_near0,MoS2,near0,3R,5,6,91,546,6.008983197766148,3.155057,1.566323,2.898668530333209,30.09732555004944,1,546,2.402393798848406
MoS2_twist_m5_near60,MoS2,near60,2H,5,6,91,546,6.008983197766148,3.155057,1.566323,2.934872527647183,30.09732555004944,1,546,2.4023937988484065
MoTe2_twist_m1_near0,MoTe2,near0,3R,1,2,7,42,21.78678929826181,3.502959,1.818646,3.2393552184868533,9.267958366855506,3,378,2.719873868131201
MoTe2_twist_m2_near0,MoTe2,near0,3R,2,3,19,114,13.173551107258918,3.502959,1.818646,3.2393552184868533,15.269044284366295,2,456,2.7198738681311982
MoTe2_twist_m3_near0,MoTe2,near0,3R,3,4,37,222,9.430007907896421,3.502959,1.818646,3.2393552184868533,21.30766775037092,2,888,2.7198738681311982
