material,hiphive_required,min_freq_plain_THz,hiphive_applied,hiphive_reason,hiphive_cutoff_A,hiphive_lambda,rmse_vs_pbed3_THz,max_abs_diff_vs_pbed3_THz,mean_shift_vs_pbed3_THz,min_freq_final_THz,min_freq_pbed3_ref_THz,rmse_plain_bare_vs_plain_pbed3_THz,rmse_pbed3_ref_vs_plain_pbed3_THz,mesh40_min_THz,mesh40_n_negative,n_q,max_abs_F_d3_eq_eV_per_A
MoS2,False,-0.0974656727,True,forced (--force-hiphive): remove residual ZA dip the plain reference also carries,5.679102599999965,100.0,0.04017318871834207,0.10288840858240711,-0.006835852600409578,-7.735829030987931e-07,-0.0185819224,0.02077060345475637,0.00010096718522905398,-7.735829030987931e-07,0,153,0.10430928426093901
WS2,False,-3.153e-07,False,,,,0.013398573252454037,0.04507535705473842,-0.008168748653596717,-2.915899804504906e-07,-3.394e-07,0.013379173965819788,6.288388336883117e-05,-2.915899804504906e-07,0,153,0.10055306307289856
WSe2,False,-1.386e-07,False,,,,0.008861259703009407,0.030501380462146788,-0.004995684827592909,-1.366552066699796e-07,-7.38e-08,0.008802946988878266,0.00011986618660432319,-1.366552066699796e-07,0,153,0.11204397084819336
MoS2_bilayer_2H,False,-2.551e-07,False,,,,0.013166087364575913,0.11165525896948103,-0.004336926637119732,-1.008732677060285e-07,-8.65e-08,0.01315799337811394,0.00011274914095502642,-1.008732677060285e-07,0,153,0.11697734850689981
WS2_bilayer_2H,False,-2.406e-07,False,,,,0.01135515697092304,0.08331388387397243,-0.004683170177615764,-1.950916905861226e-07,-2.791e-07,0.011355348938381133,6.421526174205676e-05,-1.950916905861226e-07,0,153,0.11326901960360956
WS2_bilayer_3R,False,-2.782e-07,False,,,,0.011558724468787633,0.09178419702951257,-0.00459194094753287,-3.1263151744589764e-07,-2.556e-07,0.011625094634815092,0.00041993799662883225,-3.1263151744589764e-07,0,153,0.11321127634398284
MoS2_WS2_2H,False,-2.717e-07,False,,,,0.011930372111671224,0.1024238997928768,-0.004448009887272404,-2.3542648780486722e-07,-2.38e-07,0.011924631193982066,0.00045459131841658977,-2.3542648780486722e-07,0,153,0.11719811992271847
WS2_WSe2_2H,False,-2.51e-07,False,,,,0.00927040643350518,0.06531099899770987,-0.003625488207725777,-2.4475787364419915e-07,-1.792e-07,0.009257274245491724,0.00010098048110850813,-2.4475787364419915e-07,0,153,0.1301197126008499
WS2_WSe2_3R,True,-0.5140250297,True,reference FORCE_CONSTANTS was hiphive-corrected,5.797971,100.0,0.008034135515008336,0.03943566605933224,-0.004203629148256753,-1.286957416541032e-07,-1.035e-07,0.009797520920191151,0.06224900507456001,-1.286957416541032e-07,0,303,0.1303694268224206
MoS2_MoSe2_3R,False,-0.0613543905,True,forced (--force-hiphive): remove residual ZA dip the plain reference also carries,5.790563999999999,100.0,0.030957900988895858,0.106829933129165,-0.0007441288392450773,-1.894491454628827e-07,-0.0312971477,0.011487300212751383,8.240202394151533e-05,-1.894491454628827e-07,0,153,0.13497250374005074
MoSe2_WS2_2H,True,-0.3029171694,True,reference FORCE_CONSTANTS was hiphive-corrected,5.7883392,100.0,0.008330188061759138,0.033665309904827634,-0.004074843812981878,-8.312375946095136e-08,-7.41e-08,0.010449831055917227,0.06027086628621515,-8.312375946095136e-08,0,303,0.13514006426054664
WSe2_WTe2_2H,False,-0.0319119316,True,forced (--force-hiphive): remove residual ZA dip the plain reference also carries,6.1055532,100.0,0.03781581414375114,0.28352212343406796,0.004445539611090554,-7.682284226799447e-08,-0.0104860495,0.007005780241260376,0.00018497335751353777,-7.682284226799447e-08,0,153,0.1578011323101314
MoTe2_WSe2_2H,False,-1.077e-07,False,,,,0.007330709619187237,0.050353164199711475,-0.002372771009582516,-1.0764242877044367e-07,-1.764e-07,0.007336194022507977,7.43103205491607e-05,-1.0764242877044367e-07,0,153,0.1634029640150998
MoSe2_WS2_3R,True,-0.2682877863,True,reference FORCE_CONSTANTS was hiphive-corrected,5.791176,100.0,0.008327048913376716,0.03611774231125142,-0.004059161944048397,2.7949769538473345e-08,-1.495e-07,0.010711131488448716,0.05703108662333287,2.7949769538473345e-08,0,303,0.13502182103867458
MoTe2_WSe2_3R,False,-2.548e-07,False,,,,0.007929019000410124,0.06272885319976351,-0.0023839788586660104,-2.2883629682251702e-07,-2.76e-07,0.007881542106938347,0.000963126508555027,-2.2883629682251702e-07,0,153,0.1628011347144949
WSe2_WTe2_3R,True,-0.2073696226,True,reference FORCE_CONSTANTS was hiphive-corrected,6.110521199999999,100.0,0.0058923383339831836,0.022423253610171834,-0.002758923532474055,-8.645773233213541e-08,4.58e-08,0.00750188473659287,0.0465611328206837,-8.645773233213541e-08,0,303,0.15745753391725328
